Tamaño (n); Timepo (Microsegundos)
100;37050.9
200;297653
300;1.01204e+06
400;2.64696e+06
500;5.30796e+06
600;9.41775e+06
700;1.53038e+07
800;2.30326e+07
900;3.6398e+07
1000;5.33672e+07
